FORM	DIALECT	ISO	ENGLISH	POS	DEFINITION
phoo	GM	hnj	book	noun	A collection of sheets of paper bound together to hinge at one edge, containing printed or written material, pictures, etc.
phoo ntawv	GM	hnj	book	noun	A collection of sheets of paper bound together to hinge at one edge, containing printed or written material, pictures, etc.
Amelika	GM	hnj	United States of America	properNoun	A country located primarily in North America, stretching from the Atlantic to the Pacific Ocean and consisting of fifty states (including Alaska and Hawaii) and the District of Columbia, while asserting sovereignty over several territories. Capital: Washington, D.C.. Largest city: New York City.
Koom Sab Teb Amelika	GM	hnj	United States of America	properNoun	A country located primarily in North America, stretching from the Atlantic to the Pacific Ocean and consisting of fifty states (including Alaska and Hawaii) and the District of Columbia, while asserting sovereignty over several territories. Capital: Washington, D.C.. Largest city: New York City.
Koom Sab Teb	GM	hnj	United States of America	properNoun	A country located primarily in North America, stretching from the Atlantic to the Pacific Ocean and consisting of fifty states (including Alaska and Hawaii) and the District of Columbia, while asserting sovereignty over several territories. Capital: Washington, D.C.. Largest city: New York City.
Miv Teb	GM	hnj	United States of America	properNoun	A country located primarily in North America, stretching from the Atlantic to the Pacific Ocean and consisting of fifty states (including Alaska and Hawaii) and the District of Columbia, while asserting sovereignty over several territories. Capital: Washington, D.C.. Largest city: New York City.
Tuam Tshoj	GM	hnj	China	properNoun	A large country in East Asia, occupying the region around the Yellow, Yangtze, and Pearl Rivers; the People's Republic of China, since 1949.
Suav Teb	GM	hnj	China	properNoun	A large country in East Asia, occupying the region around the Yellow, Yangtze, and Pearl Rivers; the People's Republic of China, since 1949.
Suav Teb	GM	hnj	China	properNoun	(historical) The Republic of China prior to 1949, and sometimes after that time, particularly up through the early 1970's or so (when the People's Republic of China assumed the United Nations seat allocated to China).
Tuam Tshoj	GM	hnj	China	properNoun	(historical) The Republic of China prior to 1949, and sometimes after that time, particularly up through the early 1970's or so (when the People's Republic of China assumed the United Nations seat allocated to China).
Nplog Teb	GM	hnj	Laos	properNoun	A country in Southeast Asia. Official name: Lao People’s Democratic Republic. Capital: Vientiane.
Los Tsuas	GM	hnj	Laos	properNoun	A country in Southeast Asia. Official name: Lao People’s Democratic Republic. Capital: Vientiane.
Miv Teb	GM	hnj	United States	properNoun	(in the singular, formerly also plural) A country in North America, also including Hawaii in Oceania; in full, United States of America.
Amelika	GM	hnj	United States	properNoun	(in the singular, formerly also plural) A country in North America, also including Hawaii in Oceania; in full, United States of America.
Koom Sab Teb	GM	hnj	United States	properNoun	(in the singular, formerly also plural) A country in North America, also including Hawaii in Oceania; in full, United States of America.
Nyaab Laaj	GM	hnj	Vietnam	properNoun	A country in Southeast Asia. Official name: Socialist Republic of Vietnam. Capital: Hanoi.
Viaj Naab	GM	hnj	Vietnam	properNoun	A country in Southeast Asia. Official name: Socialist Republic of Vietnam. Capital: Hanoi.
Xov Tshoj	GM	hnj	Vietnam	properNoun	A country in Southeast Asia. Official name: Socialist Republic of Vietnam. Capital: Hanoi.
Meev Teem	GM	hnj	Myanmar	properNoun	A country in Southeast Asia. Official name: Republic of the Union of Myanmar. Capital: Naypyidaw.
teg	GM	hnj	hand	noun	The part of the forelimb below the forearm or wrist in humans and other primates, and the corresponding part in many other animals.
nyob zoo	GM	hnj	hello	interjection	A greeting (salutation) said when meeting someone or acknowledging someone’s arrival or presence.
KT	GM	hnj	US	properNoun	Initialism of the United States: a country in North America.
KTA	GM	hnj	USA	properNoun	Initialism of the United States of America: a country in North America.
kas fes	GM	hnj	coffee	noun	(countable) A serving of this beverage.
koj nyob le caag lawm	GM	hnj	how are you	phraseologicalUnit	(idiomatic) An informal greeting, not requiring a literal response. In form a question, and thus followed by a question mark. Typical responses include:
Moob	GM	hnj	Hmong	noun	A people who live predominantly in the mountainous regions of China, Vietnam, Laos, and Thailand, and (in diaspora) around the world.
moob	GM	hnj	Hmong	properNoun	The lect spoken by these people, which is a cluster of a large number of lects which are sometimes considered dialects and sometimes separate languages.
Moob Leeg	GM	hnj	Green Hmong	properNoun	A Hmongic lect spoken in Laos and elsewhere, including among Hmong American communities, and written using the Latin or Pahawh Hmong scripts.
Moob Dlawb	GM	hnj	White Hmong	properNoun	A Hmongic lect spoken in Laos and elsewhere, including among Hmong American communities, and written using the Latin or Pahawh Hmong scripts.
miv	WH	mww	cat	noun	(countable) A mammal of the family Felidae.
miv	WH	mww	cat	noun	A carnivorous, four-legged, generally furry domesticated species (Felis catus) of feline animal, commonly kept as a house pet. [from 8th c.]
miv	WH	mww	cat	noun	Any similar, chiefly non-domesticated, carnivorous mammal of the family Felidae, which includes bobcats, caracals, cheetahs, cougars, leopards, lions, lynxes, tigers, and other such species.
miv	WH	mww	cat	noun	(countable, by extension) Chiefly with a descriptive word: an animal not of the family Felidae which (somewhat) resembles a domestic feline (etymology 1, noun sense 1.1.1).
lo lus	WH	mww	word	noun	(semantics) The smallest unit of language that has a particular meaning and can be expressed by itself; the smallest discrete, meaningful unit of language. (contrast morpheme.)
ntawv	WH	mww	book	noun	A collection of sheets of paper bound together to hinge at one edge, containing printed or written material, pictures, etc.
tus uab lag	WH	mww	crow	noun	Any of various dark-coloured nymphalid butterflies of the genus Euploea.
tus noog uab lag	WH	mww	raven	noun	(countable) Any of several, generally large, species of birds in the genus Corvus with lustrous black plumage; especially the common raven (Corvus corax).
tus uab lag	WH	mww	raven	noun	(countable) Any of several, generally large, species of birds in the genus Corvus with lustrous black plumage; especially the common raven (Corvus corax).
ntxhw	WH	mww	elephant	noun	A large mammal of the family Elephantidae in the order Proboscidea, having a trunk, and native to Africa and Asia.
hli	WH	mww	month	noun	A period into which a year is divided, historically based on the phases of the moon.
hnub	WH	mww	day	noun	A period of time equal or almost equal to a full day-night cycle, being 24 hours long.
hom lus	WH	mww	dialect	noun	(linguistics, strict sense) A lect (often a regional or minority language) as part of a group or family of languages, especially if they are viewed as a single language, or if contrasted with a standardized idiom that is considered the 'true' form of the language (for example, Bavarian as contrasted with Standard German).
hom lus	WH	mww	dialect	noun	(linguistics, broad sense) A variety of a language that is characteristic of a particular area, community, or social group, differing from other varieties of the same language in relatively minor ways as regards grammar, phonology, and lexicon.
feeb	WH	mww	minute	noun	A unit of time which is one sixtieth of an hour (sixty seconds).
taub haub	WH	mww	head	noun	(countable) The part of the body of an animal or human which contains the brain, mouth, and main sense organs.
lub npe	WH	mww	name	noun	Any nounal word or phrase which indicates a particular person, place, class, or thing.
hu	WH	mww	name	verb	(ditransitive) To give a name to.
hu	WH	mww	name	verb	(transitive, Westminster system politics) To initiate a process to temporarily remove a member of parliament who is breaking the rules of conduct.
lis tiam	WH	mww	week	noun	A period of seven days beginning with Sunday or Monday.
lis tiam	WH	mww	week	noun	A subdivision of the month into longer periods of work days punctuated by shorter weekend periods of days for markets, rest, or religious observation such as a sabbath.
caij ntuj no	WH	mww	winter	noun	Traditionally the fourth of the four seasons, typically regarded as spanning either the period between the winter solstice to the spring equinox, or the months of December, January, and February in temperate and polar regions of the Northern Hemisphere and the months of June, July, and August in the Southern Hemisphere. It is the time when the sun is lowest in the sky, resulting in short days, and the time of year with the lowest atmospheric temperatures for the region.
pob txha	WH	mww	bone	noun	(uncountable) A composite material consisting largely of calcium phosphate and collagen and making up the skeleton of most vertebrates.
pob txha	WH	mww	bone	noun	(countable) Any of the components of an endoskeleton, made of this material.
pob txha	WH	mww	bone	noun	A bone of a fish; a fishbone.
pob txha	WH	mww	bone	noun	(American football, informal) The wishbone formation.
Askiv	WH	mww	English	adjective	English-language; of or pertaining to the language, descended from Anglo-Saxon, which developed in England.
Askiv	WH	mww	English	adjective	Of or pertaining to the people of England (e.g. Englishmen and Englishwomen).
lus Askiv	WH	mww	English	properNoun	The language that developed in England and is now spoken in the British Isles, the Commonwealth of Nations, North America, and many other parts of the world.
hnub no	WH	mww	today	adverb	On the current day or date.
hnub no	WH	mww	today	adverb	In the current era; nowadays; these days.
hnub no	WH	mww	today	adverb	(informal) On the day of a recurring cycle or event which is currently happening.
caij mplooj zeeg	WH	mww	autumn	noun	Traditionally the third of the four seasons, when deciduous trees lose their leaves, and temperatures and daylight hours decrease; typically regarded as spanning the months of September, October, and November in the Northern Hemisphere, and the months of March, April and May in the Southern Hemisphere.
caij mplooj zeeg	WH	mww	autumn	noun	(fashion) A person with relatively dark hair and a warm skin tone, seen as best suited to certain colours in clothing.
xim	WH	mww	color	noun	(finance, uncountable) A third-order measure of derivative price sensitivity, expressed as the rate of change of gamma with respect to time, or equivalently the rate of change of charm with respect to changes in the underlying asset price.
tuag	WH	mww	die	verb	(intransitive) To stop living; to become dead; to undergo death.
xya	WH	mww	seven	numeral	A numerical value equal to 7; the number following six and preceding eight.
hnub qub	WH	mww	star	noun	A simple dance, or part of a dance, where a group of four dancers each put their right or left hand in the middle and turn around in a circle. You call them right-hand stars or left-hand stars, depending on the hand which is in the middle.
ntuj	WH	mww	sky	noun	The atmosphere above a given point, especially as visible from the surface of the Earth as the place where the sun, moon, stars, and clouds are seen.
nyom	WH	mww	grass	noun	(countable, uncountable) Any plant of the family Poaceae, characterized by leaves that arise from nodes in the stem and leaf bases that wrap around the stem, especially those grown as ground cover rather than for grain.
ib	WH	mww	one	numeral	The number represented by the Arabic numeral 1; the numerical value equal to that cardinal number.
ob	WH	mww	two	numeral	A numerical value equal to 2; the number following one and preceding three.
peb	WH	mww	three	numeral	A numerical value equal to 3; the number following two and preceding four.
plaub	WH	mww	four	numeral	A numerical value equal to 4; the number following three and preceding five.
tsib	WH	mww	five	numeral	A numerical value equal to 5; the number following four and preceding six.
tsuaj	WH	mww	medicine	noun	(uncountable, countable) A substance which specifically promotes healing when ingested or consumed in some way; a pharmaceutical drug.
xyoo	WH	mww	year	noun	(by extension) An orbital period: the period of one revolution in any particular orbit: The time it takes for any astronomical object (such as a planet, dwarf planet, small Solar System body, or comet) in direct orbit around a star (such as the Sun) to make one revolution around the star.
moo	WH	mww	clock	noun	(attributive) A common noun relating to an instrument that measures or keeps track of time.
nqaij	WH	mww	meat	noun	(uncountable) The flesh (muscle tissue) of a killed animal used as food. [from 14th c.]
kuv hlub koj	WH	mww	I love you	phraseologicalUnit	An affirmation of romantic feeling to a lover or spouse.
kaus	WH	mww	umbrella	noun	A cloth-covered frame used for protection against rain or sun.
tswv rooj	WH	mww	chairman	noun	A person presiding over a meeting, sometimes especially a man. (Compare chairwoman, chairperson, chair.)
tswv rooj	WH	mww	chairman	noun	The head of a corporate or governmental board of directors, a committee, or other formal entity.
hnub	WH	mww	sun	properNoun	The star that is closest to the Earth.
lub hnub	WH	mww	sun	noun	(astronomy) A star, especially when seen as the centre of any single solar system.
hnub	WH	mww	sun	noun	(astronomy) A star, especially when seen as the centre of any single solar system.
nyob nov	WH	mww	be	verb	To occupy a place.
tso paus	WH	mww	fart	verb	(intransitive, informal) To emit digestive gases from the anus; to flatulate.
paus	WH	mww	fart	noun	(informal) An emission of digestive gases from the anus; a flatus. [from 15th c.]
rau	WH	mww	six	numeral	A numerical value equal to 6; the number following five and preceding seven. This number of dots: (••••••).
hom lus	WH	mww	language	noun	(countable) A body of words, and set of methods of combining them (called a grammar), understood by a community and used as a form of communication.
lus	WH	mww	language	noun	(countable) A body of words, and set of methods of combining them (called a grammar), understood by a community and used as a form of communication.
yim	WH	mww	eight	numeral	A numerical value equal to 8; the number occurring after seven and before nine.
cuaj	WH	mww	nine	numeral	A numerical value equal to 9; the number following eight and preceding ten.
kaum	WH	mww	ten	numeral	The number occurring after nine and before eleven, represented in Arabic numerals (base ten) as 10 and in Roman numerals as X.
ntuj raug txim	WH	mww	hell	properNoun	(in many religions, often, capitalized) A place of torment where some or all sinners are believed to go after death and evil spirits are believed to be.
thiab	WH	mww	and	conjunction	Used to connect certain numbers: connecting units when they precede tens (now dated); connecting shillings to pence in a monetary quantity (now historical); connecting tens and units to hundreds, thousands etc. (now often omitted in US); to connect fractions to wholes. [from 10th c.]
Amelika	WH	mww	United States of America	properNoun	A country located primarily in North America, stretching from the Atlantic to the Pacific Ocean and consisting of fifty states (including Alaska and Hawaii) and the District of Columbia, while asserting sovereignty over several territories. Capital: Washington, D.C.. Largest city: New York City.
Koom Siab Teb Amelika	WH	mww	United States of America	properNoun	A country located primarily in North America, stretching from the Atlantic to the Pacific Ocean and consisting of fifty states (including Alaska and Hawaii) and the District of Columbia, while asserting sovereignty over several territories. Capital: Washington, D.C.. Largest city: New York City.
Koom Siab Teb	WH	mww	United States of America	properNoun	A country located primarily in North America, stretching from the Atlantic to the Pacific Ocean and consisting of fifty states (including Alaska and Hawaii) and the District of Columbia, while asserting sovereignty over several territories. Capital: Washington, D.C.. Largest city: New York City.
Miv Teb	WH	mww	United States of America	properNoun	A country located primarily in North America, stretching from the Atlantic to the Pacific Ocean and consisting of fifty states (including Alaska and Hawaii) and the District of Columbia, while asserting sovereignty over several territories. Capital: Washington, D.C.. Largest city: New York City.
Fab Kis	WH	mww	France	properNoun	A country located primarily in Western Europe. Official name: French Republic. Capital and largest city: Paris.
Fav Teb	WH	mww	France	properNoun	A country located primarily in Western Europe. Official name: French Republic. Capital and largest city: Paris.
qhib	WH	mww	open	adjective	Not settled; not decided or determined; not withdrawn from consideration.
qhib	WH	mww	open	verb	(transitive, intransitive) To make or become receptive or susceptible (to something).
qeeb	WH	mww	slow	adjective	Taking a long time to move or go a short distance, or to perform an action; not quick in motion; proceeding at a low speed.
txiv	WH	mww	fruit	noun	The seed-bearing part of a plant; often edible, colourful, fragrant, and sweet or sour; produced from a floral ovary after fertilization.
txiv	WH	mww	husband	noun	A man in a marriage or marital relationship, especially in relation to his spouse.
loj	WH	mww	big	adjective	Of great size, large.
phab ntsa	WH	mww	wall	noun	Each of the substantial structures acting either as the exterior of or divisions within a structure.
phab ntsa	WH	mww	wall	noun	(anatomy, zoology, botany) A dividing or containing structure in an organ or cavity.
khw	WH	mww	market	noun	The sum total traded in a process of individuals trading for certain commodities.
mov	WH	mww	food	noun	(uncountable) Any solid substance that can be consumed by living organisms, especially by eating, in order to sustain life.
zaub mov	WH	mww	food	noun	(uncountable) Any solid substance that can be consumed by living organisms, especially by eating, in order to sustain life.
hais	WH	mww	say	verb	(intransitive) To speak; to express an opinion; to make answer; to reply.
ua hauj lwm	WH	mww	work	noun	(countable) A literary, artistic, or intellectual production; a creative work.
ua hauj lwm	WH	mww	work	verb	(intransitive) To do a specific task by employing physical or mental powers.
sijhawm	WH	mww	time	noun	(uncountable) The inevitable progression into the future with the passing of present and past events.
Suav Teb	WH	mww	China	properNoun	A large country in East Asia, occupying the region around the Yellow, Yangtze, and Pearl Rivers; the People's Republic of China, since 1949.
Tuam Tshoj	WH	mww	China	properNoun	A large country in East Asia, occupying the region around the Yellow, Yangtze, and Pearl Rivers; the People's Republic of China, since 1949.
Suav Teb	WH	mww	China	properNoun	(historical) The Republic of China prior to 1949, and sometimes after that time, particularly up through the early 1970's or so (when the People's Republic of China assumed the United Nations seat allocated to China).
Tuam Tshoj	WH	mww	China	properNoun	(historical) The Republic of China prior to 1949, and sometimes after that time, particularly up through the early 1970's or so (when the People's Republic of China assumed the United Nations seat allocated to China).
ntshav	WH	mww	blood	noun	A vital liquid flowing in the bodies of many types of animals that usually conveys nutrients and oxygen. In vertebrates, it is colored red by hemoglobin, is conveyed by arteries and veins, is pumped by the heart and is usually generated in bone marrow.
mob	WH	mww	disease	noun	(medicine) An abnormal condition of a human, animal or plant that causes discomfort or dysfunction; distinct from injury insofar as the latter is usually instantaneously acquired.
Los Tsuas	WH	mww	Laos	properNoun	A country in Southeast Asia. Official name: Lao People’s Democratic Republic. Capital: Vientiane.
Nplog Teb	WH	mww	Laos	properNoun	A country in Southeast Asia. Official name: Lao People’s Democratic Republic. Capital: Vientiane.
txoj kev hlub	WH	mww	love	noun	(uncountable) Strong affection.
hlub	WH	mww	love	verb	(usually, transitive, sometimes, _, intransitive, stative) To have a strong affection for (someone or something).
Thaib Teb	WH	mww	Thailand	properNoun	A country in Southeast Asia; formerly, Siam. Official name: Kingdom of Thailand. Capital: Bangkok.
Amelika	WH	mww	United States	properNoun	(in the singular, formerly also plural) A country in North America, also including Hawaii in Oceania; in full, United States of America.
Miv Teb	WH	mww	United States	properNoun	(in the singular, formerly also plural) A country in North America, also including Hawaii in Oceania; in full, United States of America.
Koom Siab Teb	WH	mww	United States	properNoun	(in the singular, formerly also plural) A country in North America, also including Hawaii in Oceania; in full, United States of America.
Viaj Naab	WH	mww	Vietnam	properNoun	A country in Southeast Asia. Official name: Socialist Republic of Vietnam. Capital: Hanoi.
Xov Tshoj	WH	mww	Vietnam	properNoun	A country in Southeast Asia. Official name: Socialist Republic of Vietnam. Capital: Hanoi.
Nyab Laj	WH	mww	Vietnam	properNoun	A country in Southeast Asia. Official name: Socialist Republic of Vietnam. Capital: Hanoi.
koos pis tawj	WH	mww	computer	noun	A programmable electronic device that performs mathematical calculations and logical operations, especially one that can process, store and retrieve large amounts of data very quickly; now especially, a small one for personal or home use employed for manipulating text or graphics, accessing the Internet, or playing games or media. [from 20th c.]
qhov no	WH	mww	this	determiner	The (thing) here (used in indicating something or someone nearby).
poob	WH	mww	fall	verb	To move to a lower position under the effect of gravity.
ntoo	WH	mww	tree	noun	A perennial woody plant taller and larger than a shrub with a wooden trunk and, at some distance from the ground, having leaves and branches.
kav	WH	mww	stem	noun	A slender supporting member of an individual part of a plant such as a flower or a leaf; also, by analogy, the shaft of a feather.
dua	WH	mww	again	adverb	Used metalinguistically, with the repetition being in the discussion, or in the linguistic or pragmatic context of the discussion, rather than in the subject of discussion. [from 16thc.]
noog	WH	mww	bird	noun	(obsolete) Any winged animal.
ntses	WH	mww	fish	noun	(countable) A typically cold-blooded vertebrate animal that lives in water, moving with the help of fins and breathing with gills; any vertebrate that is not a tetrapod.
ntses	WH	mww	fish	noun	(archaic, or, loosely) Any animal (or any vertebrate) that lives exclusively in water.
nuv ntses	WH	mww	fish	verb	(intransitive, transitive) To hunt fish or other aquatic animals in a body of water, or to collect coral or pearls from the bottom of the sea.
noog ws	WH	mww	quail	noun	Any of various small game birds of the genera Coturnix, Anurophasis or Perdicula in the Old World family Phasianidae or of the New World family Odontophoridae.
ws	WH	mww	quail	noun	Any of various small game birds of the genera Coturnix, Anurophasis or Perdicula in the Old World family Phasianidae or of the New World family Odontophoridae.
cua	WH	mww	air	noun	(uncountable) The substance constituting Earth's atmosphere: a gaseous mixture of nitrogen, oxygen, and various trace gases.
ntsaum	WH	mww	ant	noun	Any of various insects in the family Formicidae in the order Hymenoptera, typically living in large colonies composed almost entirely of flightless females.
npab	WH	mww	arm	noun	(anatomy) The portion of the upper human appendage, from the shoulder to the wrist and sometimes including the hand.
hli	WH	mww	moon	noun	(informal, by extension of Moon) Any natural satellite of a planet.
nab	WH	mww	snake	noun	Any of the suborder Serpentes of legless reptiles with long, thin bodies and fork-shaped tongues.
dab tsi	WH	mww	what	pronoun	(fused relative) Anything that; all that; whatever.
tij	WH	mww	brother	noun	A male having at least one parent in common with another person (see half-brother, stepbrother).
tij laug	WH	mww	brother	noun	A male having at least one parent in common with another person (see half-brother, stepbrother).
nus	WH	mww	brother	noun	A male having at least one parent in common with another person (see half-brother, stepbrother).
kwv tij	WH	mww	brother	noun	A male having at least one parent in common with another person (see half-brother, stepbrother).
kwv	WH	mww	brother	noun	A male having at least one parent in common with another person (see half-brother, stepbrother).
kwv	WH	mww	brother	noun	Someone who is a peer, whether male or female.
kwv tij	WH	mww	brother	noun	Someone who is a peer, whether male or female.
nus	WH	mww	brother	noun	Someone who is a peer, whether male or female.
tij	WH	mww	brother	noun	Someone who is a peer, whether male or female.
tij laug	WH	mww	brother	noun	Someone who is a peer, whether male or female.
muam	WH	mww	sister	noun	Any woman or girl with whom a bond is felt through the same biological sex, gender or common membership in a community, race, profession, religion, organization, or ism.
pog	WH	mww	grandmother	noun	A mother of someone's parent.
niam tais	WH	mww	grandmother	noun	A mother of someone's parent.
muv	WH	mww	bee	noun	(informal, proscribed) Any stinging flying insect, especially a wasp.
lub fai	WH	mww	car	noun	A wheeled vehicle that moves independently, with at least three wheels, powered mechanically, steered by a driver and mostly for personal transportation but relatively smaller than a truck/lorry and a bus.
kub	WH	mww	hot	adjective	(of an object) Having or giving off a high temperature.
kub	WH	mww	warm	adjective	Of a somewhat high temperature, often but not always connoting that the high temperature is pleasant rather than uncomfortable.
sov	WH	mww	warm	adjective	Of a somewhat high temperature, often but not always connoting that the high temperature is pleasant rather than uncomfortable.
lus thaib	WH	mww	Thai	properNoun	The main language spoken in Thailand (closely related to Lao).
tsis	WH	mww	not	adverb	Negates the meaning of the modified verb.
qhov ntawd	WH	mww	that	pronoun	(demonstrative) The thing, person, idea, quality, event, action, or time indicated or understood from context, especially if more remote geographically, temporally or mentally than one designated as “this”, or if expressing distinction. [from 9thc.]
ntiv tes	WH	mww	finger	noun	A slender jointed extremity of the human hand, (often) exclusive of the thumb, and the corresponding part, irrespective of including a thumb, in many other animals.
paj	WH	mww	flower	noun	(botany) A reproductive structure in angiosperms (flowering plants), often conspicuously colourful and typically including sepals, petals, and either or both stamens and/or a pistil.
paj	WH	mww	flower	noun	A plant that bears flowers, especially a plant that is small and lacks wood.
zoo	WH	mww	good	adjective	Acting in the interest of what is beneficial, ethical, or moral.
qhov zoo	WH	mww	good	noun	(uncountable) The forces or behaviours that are the enemy of evil. Usually consists of helping others and general benevolence.
os	WH	mww	duck	noun	Any of certain aquatic birds of the family Anatidae, having a flat bill and webbed feet, distinguished from swans and geese by generally being smaller and shorter-necked.
heev	WH	mww	very	adverb	To a great extent or degree.
tseeb	WH	mww	very	adverb	Conforming to fact, reality or rule; true.
heev	WH	mww	very	adverb	(with superlatives) Used to firmly establish that nothing else surpasses in some respect.
qhov	WH	mww	hole	noun	(stud poker) A card (also called a hole card) dealt face down thus unknown to all but its holder; the status in which such a card is.
kawm	WH	mww	learn	verb	To acquire, or attempt to acquire knowledge or an ability to do something.
li cas	WH	mww	how	adverb	(fused relative) In any manner in which; in whatever way; however.
kev	WH	mww	street	noun	A paved part of road, usually in a village or a town.
kev	WH	mww	road	noun	A way used for travelling between places, originally one wide enough to allow foot passengers and horses to travel, now (US) usually one surfaced with asphalt or concrete and designed to accommodate many vehicles travelling in both directions. In the UK both senses are heard: a country road is the same as a country lane. [from 16th c.]
ua	WH	mww	do	verb	(transitive) To perform; to execute.
ua	WH	mww	do	verb	(transitive) To perform the tasks or actions associated with (something).
taus	WH	mww	axe	noun	A tool for felling trees or chopping wood etc. consisting of a heavy head flattened to a blade on one side, and a handle attached to it.
nag	WH	mww	rain	noun	(meteorology) Condensed water falling from a cloud.
los nag	WH	mww	rain	verb	(impersonal, meteorology) To have rain fall from the sky.
tshaib	WH	mww	hungry	adjective	Affected by hunger; having the physical need for food.
cai	WH	mww	law	noun	(usually with “the”) The body of binding rules and regulations, customs, and standards established in a community by its legislative and judicial authorities.
pojniam	WH	mww	wife	noun	A married woman, especially in relation to her spouse.
pojniam	WH	mww	wife	noun	The female of a pair of mated animals.
xib teg	WH	mww	palm	noun	The inner and somewhat concave part of the human hand or other primate hand that extends from the wrist to the bases of the fingers.
mob	WH	mww	pain	noun	(countable, and, uncountable) An ache or bodily suffering, or an instance of this; an unpleasant sensation, resulting from a derangement of functions, disease, or injury by violence; hurt.
koob	WH	mww	pin	noun	A needle without an eye (usually) made of drawn-out steel wire with one end sharpened and the other flattened or rounded into a head, used for fastening.
koob	WH	mww	pin	noun	A small nail with a head and a sharp point.
koob	WH	mww	pin	noun	A cylindrical piece of solid material, often of wood or metal, used to fasten or as a bearing between two parts.
lub phaj	WH	mww	dish	noun	A vessel such as a plate for holding or serving food, often flat with a depressed region in the middle.
tsoj	WH	mww	oil	noun	Liquid fat.
dais	WH	mww	bear	noun	A large, generally omnivorous mammal (a few species are purely carnivorous or herbivorous) of the family Ursidae; having shaggy fur, a very small tail, and flat feet.
tsev neeg	WH	mww	family	noun	A nuclear family: a mother and father who are married and cohabiting and their child or children.
plaub muag	WH	mww	eyelash	noun	(anatomy, dermatology) One of the hairs which grows along the edge of eyelids.
tawv muag	WH	mww	eyelid	noun	A thin skin membrane that covers and moves over an eye.
los tshav	WH	mww	bleed	verb	(intransitive, of a person, animal or body part) To shed blood through an injured blood vessel.
tshuab	WH	mww	blow	verb	(intransitive) To produce an air current.
kho	WH	mww	build	verb	(transitive) To form (something) by combining materials or parts.
los	WH	mww	come	verb	(intransitive) To move nearer to the point of perspective.
nqi	WH	mww	cost	verb	(transitive, ditransitive) To incur a charge of; to require payment of a (specified) price.
khawb	WH	mww	dig	verb	(transitive, intransitive) To move hard-packed earth out of the way, especially downward to make a hole with a shovel. Or to drill, or the like, through rocks, roads, or the like. More generally, to make any similar hole by moving material out of the way.
hluav taws	WH	mww	fire	noun	(countable) An instance of this chemical reaction, especially when intentionally created and maintained in a specific location to a useful end (such as a campfire or a hearth fire).
npau suav	WH	mww	dream	noun	Imaginary events seen in the mind while sleeping.
npau	WH	mww	dream	noun	Imaginary events seen in the mind while sleeping.
tsav	WH	mww	drive	verb	(transitive, ergative) To operate (a wheeled motorized vehicle).
tsav	WH	mww	drive	verb	(transitive) To convey (a person, etc.) in a wheeled motorized vehicle.
nqaij	WH	mww	flesh	noun	The soft tissue of the body, especially muscle and fat.
zom	WH	mww	grind	verb	(transitive) To reduce to smaller pieces by crushing with lateral motion.
mob	WH	mww	hurt	verb	(transitive, intransitive) To cause (a person or animal) physical pain and/or injury.
mob	WH	mww	hurt	verb	(transitive, intransitive) To cause (somebody) emotional pain.
mob	WH	mww	hurt	verb	(intransitive, stative) To be painful.
xob laim	WH	mww	lightning	noun	A flash of light produced by short-duration, high-voltage discharge of electricity within a cloud, between clouds, or between a cloud and the earth.
sib	WH	mww	light	adjective	(nautical, of a ship) Riding high because of no cargo; by extension, pertaining to a ship which is light.
nrob qaum	WH	mww	back	noun	The rear of the body, especially the part between the neck and the end of the spine and opposite the chest and belly.
tag kis	WH	mww	tomorrow	adverb	On the day after the present day.
tshuab	WH	mww	machine	noun	A device that directs and controls energy, often in the form of movement or electricity, to produce a certain effect.
nrog	WH	mww	with	preposition	In the company of; alongside, close to; near to.
tsho	WH	mww	shirt	noun	(clothing) An article of clothing that is worn on the upper part of the body, often with sleeves that cover some or all of the arms.
khau	WH	mww	shoe	noun	(footwear) A protective covering for the foot, with a bottom part composed of thick leather or plastic sole and often a thicker heel, and a softer upper part made of leather or synthetic material. Shoes generally do not extend above the ankle, as opposed to boots, which do.
cais	WH	mww	separate	verb	(transitive) To divide (a thing) into separate parts.
hnoos	WH	mww	cough	verb	Sometimes followed by up: to force (something) out of the lungs or throat by pushing air from the lungs through the glottis (causing a short, explosive sound), and out through the mouth.
hnoos	WH	mww	cough	noun	A sudden, often involuntary expulsion of air from the lungs through the glottis (causing a short, explosive sound), and out through the mouth.
tswb	WH	mww	bell	noun	(percussion instrument) A percussive instrument made of metal or other hard material, typically but not always in the shape of an inverted cup with a flared rim, which resonates when struck.
txhaum	WH	mww	crime	noun	(countable) A specific act committed in violation of the law, especially criminal law.
qab pob tsaig	WH	mww	chin	noun	The bottom of a face, (specifically) the typically jutting jawline below the mouth.
koom	WH	mww	attend	verb	(transitive) To be present at (an event or place) in order to take part in some action or proceedings; also, to regularly go to (an event or place). [from 17th c.]
hnab	WH	mww	bag	noun	(countable, uncountable) In certain phrases: money.
nkoj	WH	mww	boat	noun	A small, usually open craft used for travelling over water, propelled by oars, motor or wind. Usually contrasted with \"ship\". [from 9th c.]
mov ci	WH	mww	bread	noun	A foodstuff made by baking dough made from cereals.
choj	WH	mww	bridge	noun	A construction or natural feature that spans a divide.
thwv cib	WH	mww	brick	noun	(countable) A hardened rectangular block of mud, clay etc., used for building.
pw	WH	mww	sleep	verb	(intransitive) To rest in a state of reduced consciousness.
pw	WH	mww	sleep	verb	(intransitive) To be, or appear to be, in repose; to be quiet; to be unemployed, unused, or unagitated; to rest; to lie dormant.
theem	WH	mww	pay	verb	(ambitransitive) To give money or other compensation to in exchange for goods or services.
caij	WH	mww	ride	verb	(ambitransitive) To transport oneself by sitting on and directing a horse, later also a bicycle etc. [from 8th c., transitive usage from 9th c.]
nplhaib	WH	mww	ring	noun	(jewelry) A round piece of (precious) metal worn around the finger or through the ear, nose, etc.
kaus	WH	mww	parasol	noun	A small light umbrella used as protection from the sun.
ntoo paj rwb	WH	mww	cotton	noun	(uncountable) A soft, fibrous, usually white substance consisting of fine hairs, especially the substance around the seeds of a plant of genus Gossypium.
ntoo paj rwb	WH	mww	cotton	noun	A plant of genus Gossypium, used as a source of such fiber.
ntoo paj rwb	WH	mww	cotton	noun	Any plant that encases its seed in a thin fiber that is harvested and used as a fabric or cloth.
huab	WH	mww	cloud	noun	A visible mass of water droplets suspended in the air.
thee	WH	mww	coal	noun	(uncountable) A black or brownish black rock formed from prehistoric plant remains, composed largely of carbon and burned as a fuel.
pob	WH	mww	ball	noun	(printing, historical) A leather-covered cushion, fastened to a handle called a ballstock; formerly used by printers for inking the form, then superseded by the roller.
huv	WH	mww	clean	adjective	Free of dirt, filth, or impurities (extraneous matter); not dirty, filthy, or soiled.
ntxuav	WH	mww	clean	verb	(transitive) To remove dirt from a place or object.
hlau	WH	mww	iron	noun	(uncountable) A common, inexpensive metal, silvery grey when untarnished, that rusts, is attracted by magnets, and is used in making steel: a chemical element having atomic number 26 and symbol Fe.
pam	WH	mww	blanket	noun	A heavy, loosely woven fabric, usually large and woollen, used for warmth while sleeping or resting.
tawm rooj	WH	mww	journey	noun	A set amount of travelling, seen as a single unit; a discrete trip, a voyage.
dej khov	WH	mww	ice	noun	Water in frozen (solid) form.
pa dej teev	WH	mww	lake	noun	(now, chiefly, dialectal) A small stream of running water; a channel for water; a drain.
qhov rooj	WH	mww	door	noun	(architecture) A portal of entry into a building, room, or vehicle, typically consisting of a rigid plane movable on a hinge. It may have a handle to help open and close, a latch to hold it closed, and a lock that ensures it cannot be opened without a key.
rooj	WH	mww	door	noun	(architecture) A portal of entry into a building, room, or vehicle, typically consisting of a rigid plane movable on a hinge. It may have a handle to help open and close, a latch to hold it closed, and a lock that ensures it cannot be opened without a key.
qhuav	WH	mww	dry	adjective	Free from or lacking moisture.
ceb	WH	mww	dirty	adjective	Unclean; covered with or containing unpleasant substances such as dirt or grime.
txab	WH	mww	dirty	adjective	Unclean; covered with or containing unpleasant substances such as dirt or grime.
qaib	WH	mww	chicken	noun	(uncountable) The meat from this bird eaten as food.
qaib	WH	mww	chicken	noun	(obsolete) The young of any bird; a chick.
nqos	WH	mww	swallow	verb	(transitive) To cause (food, drink etc.) to pass from the mouth into the stomach; to take into the stomach through the throat. [from 11th c.]
npooj npaim	WH	mww	butterfly	noun	A flying insect of the order Lepidoptera, distinguished from moths by their diurnal activity and generally brighter colouring. [from 11th c.]
npooj npaim	WH	mww	butterfly	noun	(loosely) The imago (final form) of such an insect, consisting usually of a long body with large flat wings, as opposed to earlier instars such as caterpillar or pupa.
twm	WH	mww	buffalo	noun	An animal from the subtribe Bubalina, also known as true buffalos, such as the Cape buffalo, Syncerus caffer, or the water buffalo, Bubalus bubalis.
npua	WH	mww	pig	noun	(countable) Any of several mammalian species of the family Suidae, having cloven hooves, bristles and a snout adapted for digging; especially the domesticated animal Sus domesticus.
KT	WH	mww	US	properNoun	Initialism of the United States: a country in North America.
KTA	WH	mww	USA	properNoun	Initialism of the United States of America: a country in North America.
phaj	WH	mww	plate	noun	A slightly curved but almost flat dish from which food is served or eaten.
plawv	WH	mww	heart	noun	(anatomy) A muscular organ that pumps blood through the body, traditionally thought to be the seat of emotion.
siab	WH	mww	heart	noun	A conventional shape or symbol used to represent the heart, love, or emotion: ♥.
tseeb	WH	mww	true	adjective	(of a statement) Conforming to the actual state of reality or fact; factually correct.
tseeb	WH	mww	true	adjective	Genuine; legitimate; valid; sensu stricto.
tseeb	WH	mww	true	adverb	(of shooting, throwing etc) Accurately; in alignment.
koom	WH	mww	join	verb	(transitive) To connect or combine into one; to put together.
ntev	WH	mww	long	adjective	Having much distance in space from one end to the other.
siab	WH	mww	tall	adjective	(of a person or two-footed creature) Having great vertical extent (usually reckoned from the bottom of the feet to the very top of the head) when standing. (For instance, somebody with a height of over 6 feet would generally be deemed tall.)
siab	WH	mww	high	adjective	Physically elevated, extending above a base or average level:
siab	WH	mww	high	adjective	Very elevated; extending or being far above a base; tall; lofty.
siab	WH	mww	high	adjective	Relatively elevated; rising or raised above the average or normal level from which elevation is measured.
siab	WH	mww	high	adjective	Large, great (in amount or quantity, value, force, energy, etc).
txoj sia	WH	mww	life	noun	(uncountable) The state of organisms preceding their death, characterized by biological processes such as metabolism and reproduction and distinguishing them from inanimate objects; the state of being alive and living.
tsev	WH	mww	house	noun	A structure built or serving as an abode of human beings. [from 9th c.]
rab riam	WH	mww	knife	noun	A utensil or a tool designed for cutting, consisting of a flat piece of hard material, usually steel or other metal (the blade), usually sharpened on one edge, attached to a handle. The blade may be pointed for piercing.
riam	WH	mww	knife	noun	A utensil or a tool designed for cutting, consisting of a flat piece of hard material, usually steel or other metal (the blade), usually sharpened on one edge, attached to a handle. The blade may be pointed for piercing.
ntaj	WH	mww	knife	noun	A utensil or a tool designed for cutting, consisting of a flat piece of hard material, usually steel or other metal (the blade), usually sharpened on one edge, attached to a handle. The blade may be pointed for piercing.
hlau	WH	mww	metal	noun	Any of a number of chemical elements in the periodic table that form a metallic bond with other metal atoms; generally shiny, somewhat malleable and hard, often a conductor of heat and electricity.
hlau	WH	mww	metal	noun	Any material with similar physical properties as those chemical elements, especially as a combination of several of them, such as an alloy.
roob	WH	mww	mountain	noun	(countable) An elevation of land of considerable dimensions rising more or less abruptly, forming a conspicuous figure in the landscape, usually having a small extent of surface at its summit. [from 12th c.]
roob	WH	mww	mountain	noun	(countable) Something very large in size or quantity; a huge amount; a great heap. [from 15th c.]
ntsev	WH	mww	salt	noun	A common substance, chemically consisting mainly of sodium chloride (NaCl), used extensively as a food ingredient, seasoning, condiment, and preservative.
qab zib	WH	mww	sugar	noun	(uncountable) A food consisting of small, sweet crystals, principally of sucrose, obtained from sugar cane or sugar beet and used as sweetener and preservative.
tw	WH	mww	tail	noun	(anatomy) The caudal appendage of an animal that is attached to their posterior and near the anus or cloaca.
tw	WH	mww	tail	noun	One of the strips at the end of a bandage formed by splitting the bandage one or more times.
ntaj	WH	mww	sword	noun	(countable) A long bladed weapon with a grip and typically a pommel and crossguard (together forming a hilt), which is designed to cut, stab, slash and/or hack.
ntaj	WH	mww	sword	noun	(weaving) One of the end bars by which the lay of a hand loom is suspended.
nyhav	WH	mww	heavy	adjective	(of any physical thing) Having great weight.
siab	WH	mww	liver	noun	(anatomy) A large organ in the body that stores and metabolizes nutrients, destroys toxins and produces bile. It is responsible for thousands of biochemical reactions.
deb	WH	mww	far	adjective	Distant; remote in space.
deb	WH	mww	far	adjective	Remote in time.
ze	WH	mww	near	adjective	Physically close.
ntse	WH	mww	sharp	adjective	Terminating in a point or edge, especially one that can cut or pierce easily; not dull, obtuse, or rounded.
ntse	WH	mww	sharp	adjective	(colloquial) Intelligent.
hub	WH	mww	old	adjective	Of an object, concept, relationship, etc., having existed for a relatively long period of time.
du	WH	mww	smooth	adjective	Having a texture that lacks friction. Not rough.
dej	WH	mww	river	noun	A large and often winding stream which drains a land mass, carrying water down from higher areas to a lower point, oftentimes ending in another body of water, such as an ocean or in an inland sea.
ntshai	WH	mww	fear	noun	(uncountable) A strong, unpleasant emotion or feeling caused by actual or perceived danger or threat.
ntxais	WH	mww	suck	verb	(transitive) To use the mouth and lips to pull in (a liquid, especially milk from the breast). [from 9th c.]
cab	WH	mww	pull	verb	(transitive, intransitive) To apply a force to (an object) so that it comes toward the person or thing applying the force.
thawb	WH	mww	push	verb	(transitive, intransitive) To apply a force to (an object) such that it moves away from the person or thing applying the force.
suab puam	WH	mww	sand	noun	(uncountable) Rock that is ground more finely than gravel, but is not as fine as silt (more formally, see grain sizes chart), forming beaches and deserts and also used in construction.
poj zeb	WH	mww	stone	noun	(countable, geology) A piece of such material: a block of stone, rock or a pebble.
tshauv	WH	mww	ash	noun	A gray color, similar to that of the remains of a fire.
yuam sij	WH	mww	key	noun	(countable) An object designed to open and close a lock or to activate or deactivate something, especially a length of metal inserted into a narrow opening on the lock to which it is matched (keyed).
peevxwm	WH	mww	courage	noun	The quality of being confident, not afraid or easily intimidated, but without being incautious or inconsiderate.
peev xwm	WH	mww	courage	noun	The quality of being confident, not afraid or easily intimidated, but without being incautious or inconsiderate.
leeg	WH	mww	vein	noun	(anatomy) A blood vessel that transports blood from the capillaries back to the heart.
thov txim	WH	mww	sorry	interjection	Expresses regret, remorse, or sorrow.
hmoov	WH	mww	powder	noun	The fine particles which are the result of reducing a dry substance by pounding, grinding, or triturating, or the result of decay; dust.
hmoov	WH	mww	powder	noun	(cosmetics) A mixture of fine dry, sweet-smelling particles applied to the face or other body parts, to reduce shine or to alleviate chaffing.
dhau	WH	mww	pass	verb	(transitive) To go past, by, over, or through; to proceed from one side to the other of; to move past.
dhau	WH	mww	pass	verb	(ditransitive) To cause to move or go; to send; to transfer from one person, place, or condition to another.
dhau	WH	mww	pass	verb	(transitive) To cause to advance by stages of progress; to carry on with success through an ordeal, examination, or action; specifically, to give legal or official sanction to; to ratify; to enact; to approve as valid and just.
dhau	WH	mww	pass	verb	(transitive) To allow to go by without noticing; to omit attention to; to take no note of; to disregard.
lwg	WH	mww	dew	noun	(uncountable) Moisture in the air that settles on plants, etc in the morning or evening, resulting in drops.
hwj txwv	WH	mww	beard	noun	Facial hair on the chin, cheeks, jaw and neck.
nqi	WH	mww	price	noun	The cost required to gain possession of something.
kob huam	WH	mww	poor	adjective	With no or few possessions or money, particularly in relation to contemporaries who do have them.
tshuab	WH	mww	device	noun	Any piece of equipment made for a particular purpose, especially a mechanical or electrical one.
twj kun	WH	mww	rhinoceros	noun	Any large herbivorous ungulate mammal native to Africa and Asia of the family Rhinocerotidae, with thick, gray skin and one or two horns on their snouts.
kas fes	WH	mww	coffee	noun	(countable) A serving of this beverage.
tshais	WH	mww	breakfast	noun	The first meal of the day, usually eaten in the morning.
pluag	WH	mww	breakfast	noun	The first meal of the day, usually eaten in the morning.
phem	WH	mww	evil	adjective	Morally corrupt.
qhov phem	WH	mww	evil	noun	Moral badness; wickedness; malevolence; the forces or behaviors that are the opposite or enemy of good.
Nyab laj	WH	mww	Vietnamese	noun	(countable, chiefly, in the plural) A person or people from Vietnam or of Vietnamese descent.
Nyab laj	WH	mww	Vietnamese	noun	(uncountable) Vietnamese cuisine; traditional Vietnamese food.
nyab laj	WH	mww	Vietnamese	properNoun	The Austroasiatic language spoken predominantly in Vietnam.
vaj	WH	mww	garden	noun	An outdoor area containing one or more types of plants, usually plants grown for food or ornamental purposes.
vaj	WH	mww	garden	noun	(in the plural) Such an ornamental place to which the public have access.
vaj	WH	mww	garden	noun	(by extension) An ornamental garden featuring plants and other features to attract, house, conserve, benefit and/or display certain animals.
vaj	WH	mww	garden	noun	(Britain, Ireland, Appalachia, NYC) The grounds at the front or back of a house.
vaj	WH	mww	garden	noun	(in the plural, used in street names) A road, street, or similar thoroughfare, which sometimes occupies a former garden.
vaj	WH	mww	garden	noun	(figuratively) A cluster; a bunch.
ceev	WH	mww	fast	adjective	Moving with great speed, or capable of doing so; swift, rapid; light. [from 14th c.]
dav hlau	WH	mww	airplane	noun	(chiefly, US, Canada, Philippines) A powered heavier-than-air aircraft with fixed wings: a fixed-wing aircraft with at least one engine or electric motor.
kab laug sab	WH	mww	spider	noun	Any of various eight-legged, predatory arthropods, of the order Araneae, most of which spin webs to catch prey.
hu	WH	mww	call	verb	To state, or estimate, approximately or loosely; to characterize without strict regard to fact.
dej hiav txwv	WH	mww	sea	noun	The ocean; the continuous body of salt water covering a majority of the Earth's surface.
this vis	WH	mww	TV	noun	(colloquial, countable, uncountable) Abbreviation of television.
mis	WH	mww	milk	noun	(uncountable, by extension) A white (or whitish) liquid obtained from a vegetable source such as almonds, coconuts, oats, rice, or soy beans.
plaub noog	WH	mww	feather	noun	A branching, hair-like structure that grows on the bodies of birds, used for flight, swimming, protection and display.
xiav	WH	mww	grue	adjective	(philosophy) Of an object, green when first observed before a specified time or blue when first observed after that time.
xiav	WH	mww	grue	adjective	(linguistics) Of a single color inclusive of both green and blue as different shades, used in translations from languages such as Old Welsh and Old Chinese that did not always distinguish between green and blue.
npav	WH	mww	bus	noun	(automotive) A motor vehicle for transporting large numbers of people along roads.
npav	WH	mww	bus	noun	(UK, dated) Any motorized vehicle, such as a motorbike or car.
kab	WH	mww	insect	noun	An arthropod (in the Insecta class) characterized by six legs, up to four wings, and a chitinous exoskeleton.
ncig yuav khoom	WH	mww	shop	noun	An establishment that sells goods or services to the public; originally only a physical location, but now a virtual establishment as well.
mus kav khw	WH	mww	shop	verb	(intransitive) To visit stores or shops to browse or explore merchandise, especially with the intention of buying such merchandise.
xeem	WH	mww	surname	noun	The portion of a person's name that is generally hereditary or treated as an indicator of a person's family, which may be shared with other members of the family, or otherwise derived from their names in some fashion; distinguished from that person's given name(s).
rab rawg	WH	mww	fork	noun	Such a pronged tool having a long straight handle, generally for two-handed use, as used for digging, lifting, mucking, pitching, etc.
cem	WH	mww	curse	verb	(transitive) To place a curse upon (a person or object).
cem	WH	mww	curse	verb	To call upon divine or supernatural power to send injury upon; to imprecate evil upon; to execrate.
hneev nti	WH	mww	bow	noun	(archery) A weapon made of a curved piece of wood or other flexible material whose ends are connected by a string, used for shooting arrows.
hneev nti	WH	mww	bow	noun	Any instrument consisting of an elastic rod, with ends connected by a string, employed for giving reciprocating motion to a drill, or for preparing and arranging hair, fur, etc., used by hatters.
zoov	WH	mww	forest	noun	A dense uncultivated tract of trees and undergrowth, larger than woods.
tsoo	WH	mww	crash	noun	An automobile, airplane, or other vehicle accident.
pluas mov	WH	mww	meal	noun	(countable) Food that is prepared and eaten, usually at a specific time, and usually in a comparatively large quantity.
hnub yug	WH	mww	birthday	noun	The anniversary of the day on which something is created.
hnub yug	WH	mww	birthday	noun	The date on which someone is born or something is created, more commonly called birthdate or date of birth.
koob	WH	mww	needle	noun	A long, thin, sharp implement usually for piercing as in sewing, embroidery, acupuncture, tattooing, body piercing, medical injections, sutures, etc; or a blunt but otherwise similar implement used for forming loops or knots in crafts such as darning, knitting, tatting, etc.
siv	WH	mww	belt	noun	(baseball) The part of the strike zone at the height of the batter's waist.
nag hmo	WH	mww	last night	adverb	during the previous day’s nighttime; during the night before today (This entry is a translation hub.)
faib	WH	mww	share	verb	To divide and distribute.
tawv nqaij	WH	mww	skin	noun	(uncountable) The outer protective layer of the body of any animal, including of a human.
tawv	WH	mww	skin	noun	(uncountable) The outer protective layer of the body of any animal, including of a human.
ntxoam	WH	mww	fan	noun	A hand-held device consisting of concertinaed material, or slats of material, gathered together at one end, that may be opened out into the shape of a sector of a circle and waved back and forth in order to move air towards oneself and cool oneself.
tus kws txhais lus	WH	mww	interpreter	noun	(music, theater) A performer who presents a piece of art in a distinct style, particularly so as to make older works relevant to their audience.
koj puas nyob zoo	WH	mww	how are you	phraseologicalUnit	(idiomatic) An informal greeting, not requiring a literal response. In form a question, and thus followed by a question mark. Typical responses include:
faiv fab	WH	mww	electricity	noun	(physics) The study of electrical phenomena; the branch of science dealing with such phenomena. [from 18th c.]
tig	WH	mww	turn	verb	(intransitive, of a body, person, etc) To move about an axis through itself.
tig	WH	mww	turn	verb	(transitive) To change the direction or orientation of, especially by rotation.
saib	WH	mww	watch	verb	(ambitransitive) To look at, see, or view for a period of time.
saib	WH	mww	watch	verb	(transitive) To attend to dangers to or regarding.
qej	WH	mww	garlic	noun	A plant, Allium sativum, related to the onion, having a pungent bulb much used in cooking.
ntses nab	WH	mww	eel	noun	Any freshwater fish of the order Anguilliformes, which are elongated and resemble snakes.
nceb	WH	mww	mushroom	noun	A fungus producing such fruiting bodies.
qev	WH	mww	borrow	verb	To receive (something) from somebody temporarily, expecting to return it.
qhov ntswg	WH	mww	nostril	noun	Either of the two orifices located on the nose (or on the beak of a bird); used as a passage for air and other gases to travel the nasal passages.
ntsuas phoo	WH	mww	lock	noun	Something used for fastening, which can only be opened with a key or combination.
ntsuas phoo	WH	mww	lock	noun	A fastening together or interlacing; a closing of one thing upon another; a state of being fixed or immovable.
log	WH	mww	wheel	noun	A circular device capable of rotating on its axis, facilitating movement or transportation or performing labour in machines.
log	WH	mww	wheel	noun	A maneuver in marching in which the marchers turn in a curving fashion to right or left so that the order of marchers does not change.
log	WH	mww	tyre	noun	The ring-shaped protective covering around a wheel which is usually made of rubber or plastic composite and is either pneumatic or solid.
log	WH	mww	tyre	noun	The metal#Adjective rim, or metal covering on a rim, of a (wooden or metal) wheel, usually of steel or formerly wrought iron, as found on (horse-drawn or railway) carriages and wagons and on locomotives.
di ncauj	WH	mww	lip	noun	(countable) Either of the two fleshy protrusions around the opening of the mouth.
kub	WH	mww	horn	noun	Any similar real or imaginary growth or projection such as the elongated tusk of a narwhal, the eyestalk of a snail, the pointed growth on the nose of a rhinoceros, or the hornlike projection on the head of a demon or similar.
roob ris teb	WH	mww	scorpion	noun	Any of the order Scorpiones of arachnids related to spiders, characterised by two large front pincers and a curved tail with a venomous sting at the end.
liab	WH	mww	monkey	noun	(loosely, sometimes, _, proscribed) Any simian primate other than hominids; any monkey or ape.
khej	WH	mww	crocodile	noun	Any of the predatory amphibious reptiles of the family Crocodylidae; (loosely) a crocodilian, any species of the order Crocodilia, which also includes the alligators, caimans and gavials.
rooj noj mov	WH	mww	festival	noun	An event or series of special events centred on the celebration or promotion of some theme or aspect of the community, often held at regular intervals.
ntses qa	WH	mww	lizard	noun	(chiefly, in attributive use) Lizard skin, the skin of these reptiles.
nqa	WH	mww	carry	verb	(transitive) To lift (something) and take it to another place; to transport (something) by lifting.
qos yaj ywv	WH	mww	potato	noun	The edible starchy tuber of the plant species Solanum tuberosum.
dib	WH	mww	melon	noun	(countable, and, uncountable) The large, round to ovoid fruits that have rinds and are of such plants.
nhạt	WH	mww	pale	adjective	Light in color.
lợt	WH	mww	pale	adjective	Light in color.
txoob	WH	mww	mane	noun	Longer hair growth on back of neck of an animal, especially a horse or lion.
cws	WH	mww	shrimp	noun	(uncountable) The flesh of such crustaceans.
khau nees	WH	mww	horseshoe	noun	The U-shaped shoe of a horse, now typically made of metal; by extension, a representation of this used to play the game horseshoes, hung as a luck charm, etc.
faus	WH	mww	bury	verb	To ritualistically inter in a grave or tomb.
faus	WH	mww	bury	verb	To place in the ground.
Yexus	WH	mww	Jesus	properNoun	(historical, religion) One of a variety of persons or entities in western Manichaeism, of whom some correspond closely to the Christian conception of Jesus of Nazareth.
cua nab	WH	mww	earthworm	noun	A worm that lives in the ground.
nplooj	WH	mww	leaf	noun	(publishing, bookbinding, advertising) A sheet of a book, magazine, etc. (consisting of two pages, one on each face of the leaf).
nplooj	WH	mww	leaf	noun	(programming, x86) A particular value of the EAX register when a program runs the CPUID instruction; each leaf represents a different category of information returned about the processor.
hlua	WH	mww	rope	noun	(uncountable) Thick strings, yarn, monofilaments, metal wires, or strands of other cordage that are twisted together to form a stronger line.
sib cav	WH	mww	argue	verb	(intransitive) To debate, disagree, or discuss opposing or differing viewpoints; to controvert; to wrangle.
rooj	WH	mww	table	noun	An item of furniture with a flat top surface raised above the ground, usually on one or more legs.
khaub ncaws	WH	mww	clothes	noun	(plural only) Items of clothing; apparel.
tej num	WH	mww	job	noun	An economic role for which a person is paid.
qav	WH	mww	frog	noun	Any of a class of small tailless amphibians of the order Anura that typically hop.
kooj	WH	mww	grasshopper	noun	In the strict sense, refers to insects in the suborder Caelifera, particularly those in the family Acrididae.
dab	WH	mww	spirit	noun	The soul of a person or other creature.
noob	WH	mww	seed	noun	(countable) Any small seed-like fruit.
cag	WH	mww	root	noun	The part of a plant, generally underground, that anchors and supports the plant body, absorbs and stores water and nutrients, and in some plants is able to perform vegetative reproduction.
qav kaws	WH	mww	toad	noun	An amphibian, a kind of frog (broad sense, order Anura) with shorter hindlegs and a drier, wartier skin, many in family Bufonidae.
tawv	WH	mww	bark	noun	(countable, uncountable) The exterior covering of the trunk and branches of a tree or of various other woody plants.
taug kev	WH	mww	walk	verb	(intransitive) To move on the feet by alternately setting each foot (or pair or group of feet, in the case of animals with four or more feet) forward, with at least one foot on the ground at all times. Compare run.
siab	WH	mww	chest	noun	A box, now usually a large strong box with a secure convex lid.
siab	WH	mww	chest	noun	(obsolete) A coffin.
siab	WH	mww	chest	noun	The place in which public money is kept; a treasury.
siab	WH	mww	chest	noun	A chest of drawers.
siab	WH	mww	chest	noun	(anatomy) The portion of the human body from the base of the neck to the top of the abdomen; the homologous area in some other animals.
siab	WH	mww	chest	noun	The front (anterior) surface of this portion of the torso.
siab	WH	mww	chest	noun	(euphemistic, , , ) A female human's breasts.
siab	WH	mww	chest	noun	A hit or blow made with one's chest.
khob	WH	mww	cup	noun	A concave vessel for drinking, usually made of opaque material (as opposed to a glass) and with a handle.
phau ntawv hla tebchaws	WH	mww	passport	noun	An official document normally used for international journeys, which proves the identity and nationality of the person for whom it was issued.
daim ntawv hla ciam teb	WH	mww	passport	noun	An official document normally used for international journeys, which proves the identity and nationality of the person for whom it was issued.
ntsws	WH	mww	lung	noun	(anatomy) A biological organ of vertebrates that controls breathing and oxygenates the blood.
pob tw	WH	mww	buttock	noun	(usually, in the plural) Each of the two large fleshy halves of the posterior part of the body between the base of the back, the perineum, and the top of the legs.
hwj-txwv	WH	mww	moustache	noun	A growth of facial hair between the nose and the upper lip.
ciaj	WH	mww	alive	adjective	Having life; living; not dead.
siv	WH	mww	chip	noun	(US, Canada, Australia, and, New Zealand, especially, in the plural) A thin, crisp, fried slice of potato, a crisp; occasionally a similar fried slice of another vegetable or dried fruit.
twb	WH	mww	already	adverb	Prior to some specified time, either past, present, or future; by this time; previously.
dua	WH	mww	rip	verb	(transitive) To divide or separate the parts of (especially something flimsy, such as paper or fabric), by cutting or tearing; to tear off or out by violence.
lub cev tuag	WH	mww	corpse	noun	The dead body of any animal with flesh; the dead body of a vertebrate; a carcass.
dab	WH	mww	demon	noun	An evil being resident in or working for Hell; a devil. [from 10th c.]
pob taws	WH	mww	ankle	noun	The skeletal joint which connects the foot with the leg; the uppermost portion of the foot and lowermost portion of the leg, which contain this skeletal joint.
ru	WH	mww	roof	noun	(architecture) The external covering at the top of a building.
cem	WH	mww	scold	verb	(ambitransitive) To rebuke angrily.
rawg	WH	mww	chopstick	noun	(usually, in the plural) An East Asian eating utensil typically used as a pair held in one hand to grip food items, mix liquids, or scoop food out of a bowl. The utensil is a stick, usually made of wood, and measuring approximately 23 cm (10 inches) in length.
rab rawg tais	WH	mww	chopstick	noun	(usually, in the plural) An East Asian eating utensil typically used as a pair held in one hand to grip food items, mix liquids, or scoop food out of a bowl. The utensil is a stick, usually made of wood, and measuring approximately 23 cm (10 inches) in length.
dib	WH	mww	cucumber	noun	The edible fruit of this plant, having a green rind and crisp white flesh.
kim	WH	mww	expensive	adjective	Having a high price or cost.
tsis pheejyig	WH	mww	expensive	adjective	Having a high price or cost.
zom	WH	mww	chew	verb	To crush with the teeth by repeated closing and opening of the jaws; done to food to soften it and break it down by the action of saliva before it is swallowed.
lub tshuab ntaus ntawv	WH	mww	typewriter	noun	A device, at least partially mechanical, used to print text by pressing keys that cause type to be impressed through an inked ribbon onto paper.
tsua	WH	mww	cliff	noun	A vertical (or nearly vertical) rock face.
mom	WH	mww	hat	noun	(headwear) A covering for the head, often in the approximate form of a cone, dome or cylinder closed at its top end, and sometimes having a brim and other decoration.
tswv	WH	mww	lord	noun	(obsolete) The master of the servants of a household; (historical) the master of a feudal manor
tswv	WH	mww	lord	noun	(archaic) The owner of a house, piece of land, or other possession
tswv	WH	mww	lord	noun	One possessing similar mastery over others; (historical) any feudal superior generally; any nobleman or aristocrat; any chief, prince, or sovereign ruler; in Scotland, a male member of the lowest rank of nobility (the equivalent rank in England is baron)
diav	WH	mww	spoon	noun	An implement for eating or serving; a scooped utensil whose long handle is straight, in contrast to a ladle.
rab diav kav fes	WH	mww	teaspoon	noun	A small spoon used to stir the contents of a cup or glass.
piab	WH	mww	adze	noun	A cutting tool that has a curved blade set at a right angle to the handle and is used in shaping wood.
xyoo tshiab	WH	mww	New Year	noun	In particular, January 1 in the Julian and Gregorian calendar (New Year’s Day) and the days following.
pawg ntseeg	WH	mww	ward	noun	(Mormonism) A subdivision of the LDS Church, smaller than and part of a stake, but larger than a branch.
hneev	WH	mww	crossbow	noun	A mechanised weapon, based on the bow and arrow, that shoots bolts.
da dej	WH	mww	bathe	verb	(intransitive) To clean oneself by immersion in water or using water; to take a bath, have a bath.
Misnisxaustas	WH	mww	Minnesota	properNoun	(historical) A former territory (1849–1858) of the United States, encompassing the modern state and part of the Dakotas. Capital: Saint Paul.
pob txha tab hau	WH	mww	skull	noun	(skeleton) The main bones of the head considered as a unit; including the cranium, facial bones, and mandible.
pob tawb	WH	mww	cage	noun	An enclosure made of spaced bars, normally to hold animals while providing some ventilation.
nkuaj	WH	mww	cage	noun	An enclosure made of spaced bars, normally to hold animals while providing some ventilation.
pob tawb	WH	mww	cage	noun	An outer framework of timber, enclosing something within it.
nkuaj	WH	mww	cage	noun	An outer framework of timber, enclosing something within it.
dab	WH	mww	monster	noun	A terrifying and dangerous creature, especially one of an imaginary or fictional kind.
tais	WH	mww	bowl	noun	A roughly hemispherical container used to hold, mix, prepare or present food, such as salad, fruit or soup, or other items.
thawj xibhwb	WH	mww	teacher	noun	A person who teaches, especially one employed in a school; preceptor.
cai	WH	mww	rule	noun	A regulation, law, guideline.
nyob zoo	WH	mww	good day	interjection	(dated, formal) A somewhat formal greeting generally used between sunrise and sunset.
rooj	WH	mww	gate	noun	A doorlike structure outside a house.
rooj	WH	mww	gate	noun	A doorway, opening, or passage in a fence or wall.
lo lus noog	WH	mww	question	noun	A worded or expressed sentence, phrase, or only a word on its own, which asks for information, a reply, or a response; an interrogative.
foob	WH	mww	sue	verb	(transitive) To file a legal action against someone, generally a non-criminal (civil) action.
vaj tsiaj	WH	mww	park	noun	A tract of ground kept in its natural state, about or adjacent to a residence, such as for the preservation of game, for walking, riding, or the like.
vaj tsiaj	WH	mww	park	noun	An enclosed parcel of land stocked with animals for hunting, which one may have by prescription or royal grant.
tav xij	WH	mww	taxi	noun	A vehicle that may be hired for single journeys by members of the public, particularly one with an automated meter to calculate the fare.
tsom iav	WH	mww	mirror	noun	A smooth surface, usually made of glass with reflective material painted on the underside, that reflects light so as to give an image of what is in front of it.
roob	WH	mww	hill	noun	An elevated landmass smaller than a mountain.
toj	WH	mww	hill	noun	An elevated landmass smaller than a mountain.
pob txha	WH	mww	skeleton	noun	(anatomy) The system that provides support to an organism, where in vertebrates it is internal and consists of bones and cartilage, and external in some other animals.
tub yees	WH	mww	refrigerator	noun	A household or commercial appliance used for keeping food fresh using refrigeration.
mij	WH	mww	noodle	noun	(usually, in the plural) A string or flat strip of pasta or other dough, usually cooked (at least initially) by boiling, and served in soup or in a dry form mixed with a sauce and other ingredients.
fawm	WH	mww	noodle	noun	(usually, in the plural) A string or flat strip of pasta or other dough, usually cooked (at least initially) by boiling, and served in soup or in a dry form mixed with a sauce and other ingredients.
qhov tsua	WH	mww	cave	noun	A large, naturally-occurring cavity formed underground or in the face of a cliff or a hillside.
zes	WH	mww	nest	noun	A structure built by a bird as a place to incubate eggs and rear young.
noob taum	WH	mww	bean	noun	Any plant of several genera of the taxonomic family Fabaceae that produces large edible seeds or edible seedpods.
taum	WH	mww	bean	noun	Any plant of several genera of the taxonomic family Fabaceae that produces large edible seeds or edible seedpods.
npuas	WH	mww	pork	noun	(mostly, uncountable) The meat of a pig.
tsw phem	WH	mww	smelly	adjective	(figuratively, computing, slang, in extreme programming) Having signs that suggest a design problem; having a code smell.
ua	WH	mww	repeat	verb	(transitive) To do or say again (and again).
dua	WH	mww	repeat	verb	(transitive) To do or say again (and again).
tsoo	WH	mww	wreck	noun	Something or someone that has been ruined.
tsoo	WH	mww	wreck	noun	An event in which something is damaged through collision.
tsoo	WH	mww	wreck	verb	(transitive) To destroy violently; to cause severe damage to something, to a point where it no longer works, or is useless.
tsoo	WH	mww	wreck	verb	(transitive, Australia) To dismantle wrecked vehicles or other objects, to reclaim any useful parts.
tsoo	WH	mww	wreck	verb	(transitive) To involve in a wreck; hence, to cause to suffer ruin; to balk of success, and bring disaster on.
tswv	WH	mww	master	noun	Someone who has control over something or someone.
tswv	WH	mww	master	noun	The owner of an animal or slave.
dig muag	WH	mww	blind	adjective	(not comparable) Unable to see, or only partially able to see.
plhu	WH	mww	cheek	noun	(anatomy) The soft skin on each side of the face, below the eyes; the outer surface of the sides of the oral cavity.
hnuv ntses	WH	mww	fishing	noun	(uncountable, informal) The act of catching other forms of seafood, separately or together with fish.
kua nplaum	WH	mww	glue	noun	A hard gelatin made by boiling bones and hides, used in solution as an adhesive; or any sticky adhesive substance.
tog hauv ncoo	WH	mww	pillow	noun	A soft cushion used to support the head in bed.
xwb pwg	WH	mww	shoulder	noun	(anatomy) The joint between the arm and the torso, sometimes including the surrounding muscles, tendons, and ligaments.
caiv	WH	mww	taboo	noun	An inhibition or ban that results from social custom or emotional aversion.
Hmoob	WH	mww	Hmong	noun	A people who live predominantly in the mountainous regions of China, Vietnam, Laos, and Thailand, and (in diaspora) around the world.
hmoob	WH	mww	Hmong	properNoun	The lect spoken by these people, which is a cluster of a large number of lects which are sometimes considered dialects and sometimes separate languages.
tig	WH	mww	rotate	verb	(intransitive) To spin, turn, or revolve.
tig	WH	mww	rotate	verb	(transitive) To spin, turn, or revolve something.
pev xij	WH	mww	soda	noun	(uncountable) Carbonated water (water impregnated with pressurised carbon dioxide, originally made with sodium bicarbonate).
Vaj Tswv	WH	mww	God	properNoun	The first deity of various theistic religions, and the only deity in monotheism.
Tswv Ntuj	WH	mww	God	properNoun	The first deity of various theistic religions, and the only deity in monotheism.
kuv	WH	mww	I	pronoun	The speaker or writer, referred to as the grammatical subject, of a sentence.
kuv	WH	mww	I	pronoun	(nonstandard) The speaker or writer, referred to as the grammatical object, of a sentence.
lub ntsiab	WH	mww	semantic	adjective	Of or relating to semantics or the meanings of words. [from late 19th c.]
teev	WH	mww	scales	noun	A device for measuring weight.
qeej	WH	mww	lusheng	noun	A type of mouth organ with multiple pipes with a free reed used by the Hmong people.
nyiaj	WH	mww	money	noun	An item of value between two or more parties used for the exchange of goods or services.
noog	WH	mww	ask	verb	(transitive, intransitive) To request (information, or an answer to a question).
hmos	WH	mww	night	noun	(legal, countable) A period of time often defined in the legal system as beginning 30 minutes after sunset, and ending 30 minutes before sunrise.
yeeg	WH	mww	win	verb	(transitive) To triumph or achieve victory in (a game, a war, etc.).
haus	WH	mww	drink	verb	(ambitransitive) To consume (a liquid) through the mouth.
nyuj	WH	mww	cow	noun	(strictly, ) An adult female of the species Bos taurus, especially one that has calved.
nyuj	WH	mww	cow	noun	(loosely, or, informal) Any member of the species Bos taurus that is not of a bucking breed or fighting breed, regardless of sex or age, including steers and calves.
Meev Teem	WH	mww	Myanmar	properNoun	A country in Southeast Asia. Official name: Republic of the Union of Myanmar. Capital: Naypyidaw.
Pha Mab	WH	mww	Myanmar	properNoun	A country in Southeast Asia. Official name: Republic of the Union of Myanmar. Capital: Naypyidaw.
nws	WH	mww	it	pronoun	The third-person singular neuter personal pronoun used to refer to an inanimate object, abstract entity, or non-human living thing.
nws	WH	mww	it	pronoun	The impersonal pronoun, used as a placeholder for a delayed subject, or less commonly, object; known as the dummy pronoun (according to some definitions), anticipatory it or, more formally in linguistics, a syntactic expletive. The delayed subject is commonly a to-infinitive, a gerund, or a noun clause introduced by a subordinating conjunction.
thawj saib	WH	mww	president	noun	The head of state of a republic, sometimes also the head of government as well, particularly (US politics) the head of the executive branch of the federal government of the United States of America.
tswv rooj	WH	mww	president	noun	The head of state of a republic, sometimes also the head of government as well, particularly (US politics) the head of the executive branch of the federal government of the United States of America.
tswv rooj	WH	mww	president	noun	(business) A person presiding over a corporation, usually an executive overseeing daily operations under a chief executive officer but sometimes a separate position held by a CEO.
thawj saib	WH	mww	president	noun	(business) A person presiding over a corporation, usually an executive overseeing daily operations under a chief executive officer but sometimes a separate position held by a CEO.
kaw	WH	mww	close	verb	(physical) To remove or block an opening, gap or passage through.
tua	WH	mww	kill	verb	(transitive) To put to death; to extinguish the life of.
yuav	WH	mww	buy	verb	(transitive, archaic) To suffer consequences for (something) through being deprived of something; to pay for (something one has done).
nov	WH	mww	here	adverb	(location) In, on, or at this place (a place perceived to be close to the speaker); compare there.
nroj tshuag	WH	mww	plant	noun	(botany) An organism that is not an animal, especially an organism capable of photosynthesis, and typically a small or herbaceous organism of this kind, rather than a tree.
tsov	WH	mww	tiger	noun	Panthera tigris, a large predatory mammal of the cat family, indigenous to Asia.
me	WH	mww	small	adjective	Not large or big; insignificant; few in number.
me	WH	mww	small	adjective	Not prolonged in duration; not extended in time; short.
dub	WH	mww	black	adjective	(of an object) Absorbing all light and reflecting none; dark and hueless.
dub	WH	mww	black	adjective	(of a location or setting) Without light.
neeg	WH	mww	black	adjective	(sometimes, capitalized) Belonging to or descended from any of various (African, Aboriginal, etc.) ethnic groups which typically have dark pigmentation of the skin. (See usage notes below.)
dub	WH	mww	black	adjective	(sometimes, capitalized) Belonging to or descended from any of various (African, Aboriginal, etc.) ethnic groups which typically have dark pigmentation of the skin. (See usage notes below.)
neeg	WH	mww	black	adjective	(US, UK, South Africa) Belonging to or descended from any of various sub-Saharan African ethnic groups which typically have dark pigmentation of the skin.
dub	WH	mww	black	adjective	(US, UK, South Africa) Belonging to or descended from any of various sub-Saharan African ethnic groups which typically have dark pigmentation of the skin.
neeg	WH	mww	black	adjective	(board games, chess) Of or relating to the playing pieces of a board game deemed to belong to the \"black\" set (in chess, the set used by the player who moves second) (often regardless of the pieces' actual colour).
dub	WH	mww	black	adjective	(board games, chess) Of or relating to the playing pieces of a board game deemed to belong to the \"black\" set (in chess, the set used by the player who moves second) (often regardless of the pieces' actual colour).
dub	WH	mww	black	adjective	Occult; relating to something (such as mystical or magical knowledge) which is unknown to or kept secret from the general public.
neeg	WH	mww	black	adjective	Occult; relating to something (such as mystical or magical knowledge) which is unknown to or kept secret from the general public.
neeg	WH	mww	black	adjective	(taxonomy, especially) Dark in comparison to another species with the same base name.
dub	WH	mww	black	adjective	(taxonomy, especially) Dark in comparison to another species with the same base name.
dub	WH	mww	black	noun	(countable, and, uncountable) The colour/color perceived in the absence of light, but also when no light is reflected, but rather absorbed.
dub	WH	mww	black	noun	(countable, British) A type of firecracker that is really more dark brown in colour.
dub	WH	mww	black	noun	(countable, chess) The person playing with the black set of pieces.
xiav	WH	mww	blue	adjective	(particle physics) Having a colour charge of blue.
ntsuab	WH	mww	green	noun	The color of grass and leaves; a primary additive color midway between yellow and blue which is evoked by light between roughly 495–570 nm.
liab	WH	mww	red	adjective	(of a, dog, or, its coat) Having a brown color.
dawb	WH	mww	white	adjective	Bright and colourless; reflecting equal quantities of all frequencies of visible light.
daj	WH	mww	yellow	adjective	Of a yellow hue.
daj	WH	mww	yellow	adjective	(dated, US) Synonym of high yellow.
hluas	WH	mww	young	adjective	In the early part of growth or life; born not long ago.
pojniam	WH	mww	woman	noun	A female person, usually an adult: a (generally adult) female sentient being, whether human, supernatural, elf, alien, etc.
vaj	WH	mww	king	noun	(countable) A male monarch; a man who heads a monarchy; in an absolute monarchy, the supreme ruler of his nation.
vaj	WH	mww	king	noun	(chess) The principal chess piece, that players seek to threaten with unavoidable capture to result in a victory by checkmate. It is often the tallest piece, with a symbolic crown with a cross at the top.
dauslas	WH	mww	dollar	noun	Official designation for currency in some parts of the world, including Canada, the United States, Australia, New Zealand, Singapore, Hong Kong, and elsewhere. Its symbol is $.
pom	WH	mww	see	verb	(transitive) To perceive or detect someone or something with the eyes, or as if by sight.
nas	WH	mww	mouse	noun	(strictly) Such a rodent that is of the genus Mus.
nas	WH	mww	mouse	noun	(set theory) A small model of (a fragment of) Zermelo-Fraenkel set theory with desirable properties (depending on the context).
tib neeg	WH	mww	person	noun	An individual who has been granted personhood; usually a human being. [from 13th c.]
tib neeg	WH	mww	person	noun	(law) Any individual or formal organization with standing before the courts. [from 14th c.]
puas	WH	mww	hundred	numeral	A numerical value equal to 100 (102), occurring after ninety-nine; ten times ten.
pua	WH	mww	hundred	numeral	A numerical value equal to 100 (102), occurring after ninety-nine; ten times ten.
tes	WH	mww	hand	noun	The part of the forelimb below the forearm or wrist in humans and other primates, and the corresponding part in many other animals.
niaj	WH	mww	coin	noun	(money) A piece of currency, usually metallic and in the shape of a disc, but sometimes polygonal, or with a hole in the middle.
ntiv taw	WH	mww	toe	noun	Each of the five digits on the end of the human foot.
vaub kib	WH	mww	turtle	noun	(zoology, US, Canada) Any land, aquatic, or semi-aquatic reptile of the order Testudines, characterised by a protective shell enclosing its body. See also tortoise.
vaub kib	WH	mww	turtle	noun	(computing) A type of robot having a domed case (and so resembling the reptile), used in education, especially for making line drawings by means of a computer program.
vaub kib	WH	mww	turtle	noun	(dance) A breakdancing move consisting of a float during which the dancer's weight shifts from one hand to the other, producing rotation or a circular \"walk\".
vaub kib	WH	mww	turtle	noun	(genericized trademark) A candy with pecans, caramel, and chocolate, often shaped like a turtle.
rooj	WH	mww	chair	noun	An item of furniture used to sit on or in, comprising a seat, legs or wheels, back, and sometimes arm rests, for use by one person.
tswv rooj	WH	mww	chairperson	noun	A chairman or chairwoman, someone who presides over a meeting, board, etc.
nyob zoo	WH	mww	hello	interjection	A greeting (salutation) said when meeting someone or acknowledging someone’s arrival or presence.
phom	WH	mww	gun	noun	A very portable, short firearm, for hand use, which fires bullets or projectiles, such as a handgun, revolver, pistol, or Derringer.
sib ntsib dua	WH	mww	goodbye	interjection	Farewell; a formula used to another person or persons when the speaker, writer, or person addressed is departing.
txiv qaub	WH	mww	lemon	noun	A yellowish citrus fruit.
mov	WH	mww	rice	noun	(uncountable) The seeds of this plant used as food.
mov	WH	mww	rice	noun	The seeds of wild rice, used as food.
qe	WH	mww	egg	noun	An approximately spherical or ellipsoidal body produced by birds, insects, reptiles, and other animals, often housing an embryo within a membrane or shell during its development.
qe	WH	mww	egg	noun	(specifically, countable) The (usually) non-developing, edible egg (sense 1.1) of a domestic fowl such as a duck, goose, or, especially, chicken; (uncountable) the contents of such an egg or eggs used as food.
thee	WH	mww	charcoal	noun	(countable, uncountable) impure carbon obtained by destructive distillation of wood or other organic matter, that is, heating it in the absence of oxygen.
thee	WH	mww	charcoal	noun	(countable) A stick of black carbon material used for drawing.
thee	WH	mww	charcoal	noun	(countable) A drawing made with charcoal.
tsev viv	WH	mww	toilet	noun	(UK, India, AU, HK) A room, enclosed area or single-purpose building containing a fixture or fixtures used for urination and defecation; a bathroom or water closet. [from 19th c.]
tsis zoo	WH	mww	bad	adjective	(semantic change, amelioration, contranymic) Good, superlative, excellent, cool.
phooj ywg	WH	mww	friend	noun	A person, typically someone other than a family member, spouse or lover, whose company one enjoys and towards whom one feels affection.
vaum vias	WH	mww	hammock	noun	A swinging couch or bed, usually made of netting or canvas about six feet (1.8 meters) wide, suspended by clews or cords at the ends.
kovyeej	WH	mww	beat	verb	(transitive) To win against; to defeat or overcome; to do or be better than (someone); to excel in a particular, competitive event.
txaj	WH	mww	bed	noun	(countable) A piece of furniture, usually flat and soft, on which to rest or sleep.
txaj	WH	mww	bed	noun	A shaped piece of timber to hold a cask clear of a ship’s floor; a pallet.
hnov	WH	mww	hear	verb	(transitive, stative) To perceive (a sound, or something producing a sound) with the ear, to recognize (something) in an auditory way. [from 10th c.]
tom	WH	mww	bite	verb	(transitive) To cut into something by clamping the teeth.
luag	WH	mww	smile	verb	(ambitransitive) To have (a smile) on one's face.
hu nkauj	WH	mww	sing	verb	(intransitive) To produce musical or harmonious sounds with one’s voice.
dua	WH	mww	tear	verb	(transitive) To rend (a solid material) by holding or restraining in two places and pulling apart, whether intentionally or not; to destroy or separate.
dua	WH	mww	tear	verb	(transitive) To injure as if by pulling apart.
dua	WH	mww	tear	verb	(transitive, often, with off, or, out) To remove by tearing, or with sudden great force.
dua	WH	mww	tear	verb	(intransitive) To become torn, especially accidentally.
muag	WH	mww	eye	noun	An organ through which animals see.
ua pa	WH	mww	breathe	verb	(intransitive) To draw air into (inhale), and expel air from (exhale), the lungs in order to extract oxygen and excrete waste gases.
suab	WH	mww	voice	noun	Sound uttered by the mouth, especially by human beings in speech or song; sound thus uttered considered as possessing some special quality or character.
kos duab	WH	mww	draw	verb	(transitive) To attract or cause (someone) to come to a particular place or to take a particular course of action; also, to cause (someone) to turn away from a particular condition or course of action. [from 12th c.]
kos duab	WH	mww	draw	verb	(transitive) To produce (a figure, line, picture, representation of something, etc.) with a piece of chalk, a crayon, a pen, a pencil, or other instrument. [from 14th c.]
kos duab	WH	mww	draw	verb	To produce (a three-dimensional figure of something); to model, to mould, to sculpt.
nws	WH	mww	he	pronoun	(personal, sometimes, _, proscribed, see usage notes) They; he or she (a person whose gender is unknown or irrelevant).
nws	WH	mww	she	pronoun	(personal) The female (typically) person or animal previously mentioned or implied.
hniav	WH	mww	tooth	noun	(zoology) A projection or point in other parts of the body resembling the tooth of a vertebrate animal.
hniav	WH	mww	tooth	noun	(figurative) Liking, fondness (compare toothsome).
plaub hau	WH	mww	hair	noun	(uncountable) Specifically, the collection of hairs on the top and sides of the human head, growing from the scalp.
pob ntseg	WH	mww	ear	noun	(countable) The external part of the organ of hearing, the auricle.
ntswg	WH	mww	nose	noun	A protuberance on the face housing the nostrils, which are used to breathe or smell.
qhov ncauj	WH	mww	mouth	noun	The end of a river out of which water flows into a sea or other large body of water; or the end of a tributary out of which water flows into a larger river.
nplaig	WH	mww	tongue	noun	(countable, uncountable) Such an organ, as taken from animals and used for food (especially from cows).
luj tshib	WH	mww	elbow	noun	(anatomy) The joint between the upper arm and the forearm.
ko taw	WH	mww	foot	noun	A biological structure found in many animals that is used for locomotion and that is frequently a separate organ at the terminal part of the leg.
ko taw	WH	mww	foot	noun	(printing) The base of a piece of type, forming the sides of the groove.
ko taw	WH	mww	foot	noun	(phonology) The parsing of syllables into prosodic constituents, which are used to determine the placement of stress in languages along with the notions of constituent heads.
hauv caug	WH	mww	knee	noun	(anatomy) In humans, the joint or the region of the joint in the middle part of the leg between the thigh and the shank.
ntsej muag	WH	mww	face	noun	(anatomy) The front part of the head of a human or other animal, featuring the eyes, nose, and mouth, and the surrounding area.
pis xam	WH	mww	pizza	noun	(uncountable) A baked Italian dish of a thinly rolled bread crust typically topped before baking with tomato sauce, cheese, and other ingredients such as meat or vegetables.
leej twg	WH	mww	who	pronoun	(fused relative, archaic, or, marginal) Whoever, he who, they who.
hnia	WH	mww	smell	verb	(transitive) To sense a smell or smells.
luj taws	WH	mww	heel	noun	(anatomy) The rear part of the foot, where it joins the leg.
hais lus	WH	mww	speak	verb	(intransitive) To communicate with one's voice, to say words out loud.
nto	WH	mww	spit	verb	(ambitransitive) To evacuate (saliva or another substance) from the mouth, etc.
tsw phem	WH	mww	stink	verb	(intransitive) To have a strong bad smell.
luam dej	WH	mww	swim	verb	(intransitive) To move through the water, without touching the bottom; to propel oneself in water by natural means.
nkag siab	WH	mww	understand	verb	(transitive, intransitive, of communication or means of communication: words, statements, signs, etc.) To know the meaning of; to parse or have parsed correctly; to comprehend.
nkag siab	WH	mww	understand	verb	(transitive, of people) To know the intent, motives or character of; (of events) to know the causes of or reasons for.
ntub	WH	mww	wet	adjective	Of an object, etc.: covered or impregnated with liquid, usually (but not always) water.
cua	WH	mww	wind	noun	(countable, uncountable) Real or perceived movement of atmospheric air usually caused by convection or differences in air pressure.
cua	WH	mww	wind	noun	(philosophy, alchemy) One of the four elements of the ancient Greeks and Romans; air.
cua	WH	mww	wind	verb	(transitive) To blow air through a wind instrument or horn to make a sound.
hnab looj tes	WH	mww	glove	noun	An item of clothing, covering all or part of the hand and fingers, but usually allowing independent movement of the fingers.
npuas	WH	mww	foam	noun	A substance composed of a large collection of bubbles or their solidified remains, especially:
khib nyiab	WH	mww	garbage	noun	Useless or disposable material; waste material of any kind.
hnab tshos	WH	mww	pocket	noun	(clothing) A bag stitched to an item of clothing, used for carrying small items.
koom siab	WH	mww	united	adjective	Joined into a single entity.
mob	WH	mww	ill	adjective	Unwell in terms of health or physical condition; sick. [from 15th c.]
qus pa	WH	mww	inhale	verb	(intransitive) To draw air into the lungs, through the nose or mouth by action of the diaphragm.
tso pa	WH	mww	exhale	verb	(intransitive) To expel air from the lungs through the nose or mouth by action of the diaphragm, to breathe out.
tsoo	WH	mww	smash	verb	(transitive) To break (something brittle) violently.
tsoo	WH	mww	smash	verb	(intransitive) To be destroyed by being smashed.
tsoo	WH	mww	smash	verb	(transitive) To hit extremely hard.
dib liab	WH	mww	watermelon	noun	A plant of the species Citrullus lanatus, bearing a melon-like fruit.
hnab rau nyiaj	WH	mww	purse	noun	(US) A handbag (small bag usually used by women for carrying various small personal items)
muag	WH	mww	soft	adjective	Easily giving way under pressure.
pob hauv caug	WH	mww	kneecap	noun	(anatomy) The flat, roundish bone in the knee.
nkuaj	WH	mww	jail	noun	A place or institution for the confinement of persons held against their will in lawful custody or detention, especially (in US usage) a place where people are held for minor offenses or with reference to some future judicial proceeding.
hlab pas	WH	mww	throat	noun	The gullet or windpipe.
qa	WH	mww	throat	noun	The gullet or windpipe.
qhov qa	WH	mww	throat	noun	The part of a chimney between the gathering, or portion of the funnel which contracts in ascending, and the flue.
caj pas	WH	mww	throat	noun	The part of a chimney between the gathering, or portion of the funnel which contracts in ascending, and the flue.
hwj	WH	mww	kettle	noun	(cookware) A vessel for boiling a liquid or cooking food, usually metal and equipped with a lid.
tswv	WH	mww	owner	noun	One who owns something.
w	WH	mww	disperse	verb	(physics, transitive, intransitive) To separate rays of light, etc., according to wavelength; to refract.
faus	WH	mww	embed	verb	(transitive) To lay (something) as in a bed; to lay in surrounding matter; to bed.
neev taw	WH	mww	footprint	noun	The impression of the foot in a soft substance such as sand or snow.
koom	WH	mww	gather	verb	(architecture) To bring together, or nearer together, in masonry, as for example where the width of a fireplace is rapidly diminished to the width of the flue.
sau	WH	mww	gather	verb	(architecture) To bring together, or nearer together, in masonry, as for example where the width of a fireplace is rapidly diminished to the width of the flue.
ntaiv	WH	mww	ladder	noun	A frame, usually portable, of wood, metal, or rope, used for ascent and descent, consisting of two side pieces to which are fastened rungs (cross strips or rounds acting as steps).
ntaiv	WH	mww	ladder	noun	(game of go) A sequence of moves following a zigzag pattern and ultimately leading to the capture of the attacked stones.
hluas	WH	mww	youth	noun	(countable) A young person.
khob noom	WH	mww	candy	noun	(countable, chiefly, North America, Philippines) A piece of confectionery of this kind.
Dab Ntxwg-nyoog	WH	mww	Satan	properNoun	(religion) The supreme evil spirit in the Abrahamic religions, who tempts humanity into sin; the Devil; (Theistic Satanism) the same figure, regarded as a deity to be revered and worshipped.
Ntxwg-nyoog	WH	mww	Satan	properNoun	(religion) The supreme evil spirit in the Abrahamic religions, who tempts humanity into sin; the Devil; (Theistic Satanism) the same figure, regarded as a deity to be revered and worshipped.
mus zoo	WH	mww	bye	interjection	(colloquial) Goodbye.
tsoo	WH	mww	collide	verb	(intransitive) To make a direct impact, especially if violent.
tsoo	WH	mww	collide	verb	(intransitive) To come into conflict, or be incompatible.
neeg phem	WH	mww	villain	noun	An extremely depraved person, or one capable or guilty of great crimes.
phem	WH	mww	villain	noun	An extremely depraved person, or one capable or guilty of great crimes.
phem	WH	mww	villain	noun	(fiction) A character who has the role of being bad, especially antagonizing the hero; an antagonist who is also evil or malevolent.
neeg phem	WH	mww	villain	noun	(fiction) A character who has the role of being bad, especially antagonizing the hero; an antagonist who is also evil or malevolent.
cai	WH	mww	custom	noun	Frequent repetition of the same behavior; way of behavior common to many; ordinary manner; habitual practice; method of doing, living or behaving.
ntsiab muag	WH	mww	pupil	noun	(anatomy) The hole in the middle of the iris of the eye, through which light passes to be focused on the retina.
txog saw	WH	mww	necklace	noun	(jewelry) An article of jewelry that is worn around the neck, most often made of a string of precious metal, pearls, gems, beads or shells, and sometimes having a pendant attached.
teeb	WH	mww	lamp	noun	A device that generates light, heat, or other electromagnetic radiation. Especially an electric light bulb.
teeb	WH	mww	lamp	noun	A device containing oil, burnt through a wick for illumination; an oil lamp.
yooj yim	WH	mww	easily	adverb	Without difficulty.
caiv	WH	mww	prohibition	noun	An act of prohibiting, forbidding, disallowing, or proscribing something.
saib	WH	mww	supervise	verb	(transitive) To oversee or direct (a task or organization).
tsoo	WH	mww	bump	verb	To knock against or run into with a jolt.
tsoo	WH	mww	bump	verb	(transitive) To move (a booked passenger) to a later flight because of earlier delays or cancellations.
tsoo	WH	mww	bump	verb	(transitive, slang) To snort a small dose of cocaine or another drug; to do a bump of a drug.
tsoo	WH	mww	collision	noun	An instance of colliding.
npluag	WH	mww	chaff	noun	The inedible parts of a grain-producing plant.
kua txob	WH	mww	chili	noun	(countable) The pungent, spicy fresh or dried fruit of any of several cultivated varieties of capsicum peppers, used in cooking.
Yexus Khetos lub Koom Txoos ntawm Tsoom Haiv Neeg Ntseeg hauv Hnub Nyoog Kawg	WH	mww	Church of Jesus Christ of Latter-day Saints	properNoun	The major denomination of the Latter Day Saint movement, founded in the United States by Joseph Smith; the Mormon Church.
tig	WH	mww	revolve	verb	(intransitive) To orbit a central point (especially of a celestial body). [from 17th c.]
tig	WH	mww	revolve	verb	(transitive, now, rare) To ponder on; to reflect repeatedly upon; to consider all aspects of. [from 15th c.]
ntaiv	WH	mww	stairs	noun	A contiguous set of steps connecting two floors.
tshuab ntuag	WH	mww	spinning wheel	noun	A domestic device for making yarn or thread; having a single spindle and a wheel driven by hand or foot.
saib	WH	mww	preside	verb	(intransitive) To act as president or chairperson.
mentsis	WH	mww	a little	adverb	To a small extent or degree.
txiv neeb	WH	mww	shaman	noun	A member of certain tribal societies who acts as a spiritual or religious medium between the concrete and spirit worlds; sometimes also a healer.
neeb	WH	mww	shaman	noun	A member of certain tribal societies who acts as a spiritual or religious medium between the concrete and spirit worlds; sometimes also a healer.
lwj	WH	mww	bellows	noun	A device for delivering pressurized air in a controlled quantity to a controlled location. At its most simple terms a bellows is a container which is deformable in such a way as to alter its volume which has an outlet or outlets where one wishes to blow air.
koob	WH	mww	quill	noun	Something having the form of a quill, such as the fold or plain of a ruff, or (weaving) a spindle, or spool, upon which the thread for the woof is wound in a shuttle.
nyiag	WH	mww	steal	verb	(transitive) To take illegally, or without the owner's permission, something owned by someone else without intending to return it.
nyiag	WH	mww	steal	verb	(transitive, baseball) To advance safely to (another base) during the delivery of a pitch, without the aid of a hit, walk, passed ball, wild pitch, or defensive indifference.
npam	WH	mww	baht	noun	The official currency of Thailand, equal to 100 satang.
khawb	WH	mww	excavate	verb	(transitive) To remove part of (something) by scooping or digging it out.
Npelehees	WH	mww	Bethlehem	properNoun	A quarter of Bümpliz-Oberbottigen, city of Bern, Switzerland.
Npelehees	WH	mww	Bethlehem	properNoun	A city in Northampton County and Lehigh County, Pennsylvania.
rab ncas	WH	mww	Jew's harp	noun	A musical instrument consisting of a thin flexible reed mounted in a stiff crescent frame. The narrow end of the frame is held between the teeth and the reed is plucked to produce a note of constant pitch. Melodies and overtones are created by changing the shape of the oral cavity.
ceeb toom	WH	mww	notification	noun	(uncountable) The act of notifying.
ntaub pua chaw	WH	mww	bedsheet	noun	A sheet, a piece of cloth cut and finished as bedlinen.
txiv nplai qij	WH	mww	mangosteen	noun	A tropical fruit of the tree genus Garcinia.
txiv nplai qij	WH	mww	mangosteen	noun	The tree on which the fruit grows.
tswv tsev	WH	mww	head of household	noun	The person responsible for governing a group that lives together, such as a family.
cem	WH	mww	revile	verb	(ambitransitive) To attack (someone) with abusive language.
nees	WH	mww	horse	noun	Any member of the species Equus ferus, including the Przewalski's horse and the extinct Equus ferus ferus.
tswv rooj	WH	mww	chairwoman	noun	A female chairperson
tsev kab laug sab	WH	mww	spiderweb	noun	The net-like construct of a spider containing sticky strands to catch prey.
fawm	WH	mww	pho	noun	A Vietnamese soup with a beef base, typically served with rice noodles and optionally beef or chicken.
xyoob	WH	mww	bamboo	noun	(slang) A didgeridoo.
kab yaub	WH	mww	egg roll	noun	Chinese-American variant of the spring roll (春卷); food made made by wrapping a combination of chopped vegetables, possibly meat, and sometimes noodles, in a sheet of dough, dipping the dough in egg or an egg wash, then deep frying it.
lub tshuab nias ntawv	WH	mww	printing press	noun	A mechanical device used for printing text or images repeatedly.
pom koj tom qab	WH	mww	see you	phraseologicalUnit	(informal) see you later.
saht-supahp	WH	mww	saola	noun	A critically endangered ruminant of species Pseudoryx nghetinhensis, of Vietnam and Laos.
rog	WH	mww	fat	adjective	(sometimes, derogatory) Carrying more fat than usual on one's body; plump; not lean or thin.
roj	WH	mww	fat	noun	(uncountable) A specialized animal tissue with high lipid content, used for long-term storage of energy: fat tissue.
nam pa	WH	mww	fish sauce	noun	A condiment made from fermented fish.
koom siab	WH	mww	come together	verb	(intransitive) To assemble; to congregate; to combine.
aub	WH	mww	dog	noun	A mammal of the family Canidae:
dev	WH	mww	dog	noun	A mammal of the family Canidae:
dej	WH	mww	water	noun	(uncountable) An inorganic compound (of molecular formula H2O) found at room temperature and pressure as a clear liquid; it is present naturally as rain, and found in rivers, lakes and seas; its solid form is ice and its gaseous form is steam.
Hmoob Leeg	WH	mww	Green Hmong	properNoun	A Hmongic lect spoken in Laos and elsewhere, including among Hmong American communities, and written using the Latin or Pahawh Hmong scripts.
Hmoob Dawb	WH	mww	Hmong Daw	properNoun	The White Hmong language.
Hmoob Dawb	WH	mww	White Hmong	properNoun	A Hmongic lect spoken in Laos and elsewhere, including among Hmong American communities, and written using the Latin or Pahawh Hmong scripts.
